maxRed,varRed,maxGray,varGray
225.00,640.89,194.00,93.79
210.00,754.89,194.00,82.04
226.00,750.89,201.00,89.66
217.00,640.89,197.00,144.00
220.00,566.22,197.00,17.48
215.00,704.89,191.00,73.04
223.00,714.89,191.00,62.10
214.00,673.56,193.00,72.37
221.00,704.89,190.00,50.76
222.00,714.89,194.00,121.05
215.00,892.67,190.00,103.04
218.00,690.67,192.00,94.17
217.00,673.56,188.00,62.01
216.00,750.89,195.00,107.11
220.00,672.00,192.00,22.75
216.00,888.22,187.00,87.77
219.00,854.00,193.00,376.26
221.00,673.56,195.00,83.96
222.00,714.89,191.00,72.15
225.00,598.22,200.00,58.49
222.00,714.89,194.00,94.16
221.00,640.67,194.00,316.43
218.00,617.56,189.00,53.62
215.00,854.00,191.00,97.01
222.00,704.89,193.00,48.12
212.00,768.67,192.00,106.10
213.00,802.67,187.00,90.56
218.00,729.56,191.00,90.03
218.00,888.22,198.00,210.75
218.00,690.67,189.00,73.45
219.00,672.67,193.00,128.13
214.00,768.67,193.00,90.25
214.00,790.22,189.00,112.00
221.00,834.89,188.00,71.22
217.00,672.00,192.00,60.80
223.00,640.67,192.00,74.47
219.00,729.56,189.00,219.81
219.00,788.67,191.00,201.16
221.00,640.67,191.00,63.96
219.00,594.89,196.00,74.81
215.00,588.67,192.00,64.69
219.00,704.67,193.00,58.42
218.00,594.89,197.00,58.25
220.00,746.89,190.00,120.26
222.00,704.67,195.00,70.10
221.00,729.56,197.00,99.02
219.00,704.67,190.00,97.94
223.00,729.56,200.00,70.65
224.00,637.56,193.00,67.50
222.00,788.67,190.00,237.18
219.00,690.67,190.00,46.61
223.00,617.56,194.00,57.37
216.00,729.56,189.00,118.88
221.00,746.89,193.00,101.55
219.00,672.00,198.00,119.46
218.00,704.89,191.00,79.92
215.00,594.89,199.00,79.21
221.00,620.67,196.00,365.55
219.00,729.56,192.00,185.28
221.00,704.67,187.00,134.70
227.00,672.00,195.00,334.40
214.00,892.67,190.00,242.23
220.00,632.67,195.00,183.28
223.00,673.56,195.00,182.72
206.00,1056.22,194.00,288.82
214.00,840.67,193.00,324.87
222.00,672.67,192.00,187.30
221.00,782.89,192.00,173.69
214.00,806.22,194.00,101.47
220.00,750.89,190.00,145.20
224.00,782.89,193.00,268.01
224.00,704.67,195.00,122.40
216.00,782.89,192.00,102.62
215.00,854.00,194.00,111.41
211.00,1000.22,195.00,146.12
224.00,746.89,192.00,224.42
223.00,750.89,190.00,159.38
226.00,673.56,194.00,72.95
222.00,672.00,195.00,124.79
223.00,673.56,196.00,113.75
203.00,900.22,197.00,297.03
223.00,782.89,192.00,192.63
211.00,1091.56,192.00,197.24
223.00,714.89,192.00,99.24
220.00,750.89,193.00,235.58
223.00,640.89,193.00,46.22
208.00,648.00,177.00,123.83
211.00,955.56,194.00,268.71
218.00,690.67,196.00,179.19
222.00,788.67,195.00,204.92
221.00,690.67,189.00,136.85
216.00,720.22,193.00,143.28
220.00,690.67,193.00,151.94
208.00,620.67,188.00,171.74
223.00,782.89,192.00,327.86
221.00,690.67,193.00,264.17
221.00,972.67,192.00,217.62
221.00,782.89,195.00,322.95
220.00,714.89,190.00,158.30
221.00,750.89,203.00,163.69
215.00,854.22,196.00,57.50
222.00,637.56,197.00,108.46
212.00,593.56,196.00,97.94
218.00,732.67,194.00,138.95
221.00,690.67,193.00,178.50
221.00,746.89,197.00,250.21
223.00,637.56,197.00,83.53
223.00,814.22,196.00,184.28
213.00,854.00,198.00,166.56
222.00,620.67,196.00,286.63
224.00,620.67,193.00,106.84
220.00,598.22,199.00,206.51
215.00,800.00,190.00,99.56
216.00,990.89,193.00,1271.56
222.00,750.89,194.00,159.41
197.00,1572.22,190.00,1387.59
224.00,690.67,194.00,117.11
222.00,746.89,193.00,197.44
219.00,690.67,200.00,159.55
225.00,750.89,195.00,141.10
220.00,720.22,192.00,143.21
211.00,824.00,193.00,82.86
220.00,714.89,199.00,165.87
224.00,814.22,197.00,163.94
213.00,790.22,194.00,125.29
220.00,746.89,192.00,197.65
225.00,746.89,201.00,322.13
223.00,750.89,194.00,186.29
224.00,714.89,192.00,184.53
220.00,640.89,192.00,148.80
219.00,644.67,193.00,183.54
221.00,714.89,191.00,160.13
225.00,782.89,198.00,126.55
214.00,800.00,192.00,95.70
220.00,720.22,189.00,175.27
222.00,782.89,197.00,249.36
219.00,720.22,189.00,194.88
220.00,673.56,195.00,59.87
215.00,892.67,198.00,125.57
222.00,782.89,190.00,201.34
221.00,609.56,191.00,117.31
220.00,788.67,191.00,321.48
221.00,690.67,199.00,328.11
223.00,640.67,194.00,128.19
221.00,782.89,189.00,172.69
215.00,788.67,190.00,142.99
219.00,673.56,191.00,69.00
217.00,813.56,192.00,93.63
222.00,714.89,189.00,218.56
218.00,672.67,190.00,125.26
220.00,704.89,192.00,136.88
220.00,720.22,190.00,96.32
216.00,704.67,196.00,93.71
221.00,729.56,193.00,133.06
215.00,782.89,194.00,107.26
222.00,782.89,186.00,288.58
217.00,732.67,185.00,245.50
218.00,681.56,193.00,132.46
212.00,869.56,192.00,97.03
205.00,661.56,189.00,107.73
220.00,754.89,191.00,222.00
222.00,594.89,197.00,329.45
217.00,824.00,187.00,130.78
222.00,640.67,190.00,131.68
220.00,746.89,200.00,215.52
226.00,609.56,195.00,130.90
225.00,617.56,194.00,283.61
214.00,774.22,193.00,170.83
219.00,854.00,192.00,137.01
214.00,746.89,189.00,67.81
213.00,840.67,193.00,223.79
220.00,790.22,194.00,155.53
221.00,640.67,195.00,128.35
213.00,774.22,193.00,111.58
224.00,672.00,189.00,174.05
222.00,746.89,193.00,159.21
213.00,1033.56,195.00,231.29
221.00,690.67,194.00,164.08
213.00,800.00,194.00,110.63
215.00,738.89,189.00,95.53
220.00,690.67,198.00,125.28
221.00,788.67,191.00,203.75
217.00,834.89,191.00,159.18
219.00,702.89,200.00,222.85
210.00,896.22,199.00,126.16
223.00,888.22,190.00,213.90
216.00,968.67,194.00,917.92
214.00,910.22,190.00,195.08
218.00,702.89,190.00,199.81
218.00,824.00,188.00,221.56
215.00,704.67,192.00,118.64
222.00,594.89,196.00,241.02
214.00,644.22,194.00,55.73
219.00,714.89,193.00,152.91
214.00,860.22,193.00,181.03
221.00,644.22,193.00,135.85
218.00,640.89,194.00,158.83
215.00,802.67,191.00,352.87
218.00,690.67,190.00,196.69
222.00,782.89,190.00,199.49
219.00,714.89,187.00,157.60
215.00,832.67,189.00,171.62
220.00,714.89,196.00,119.94
216.00,869.56,193.00,95.42
222.00,672.00,196.00,102.92
220.00,672.00,189.00,143.87
216.00,802.67,192.00,85.43
220.00,673.56,191.00,205.85
221.00,672.00,193.00,95.04
220.00,672.00,196.00,235.95
219.00,704.89,195.00,101.92
218.00,729.56,195.00,125.38
222.00,746.89,198.00,275.53
217.00,674.89,193.00,66.66
221.00,782.89,190.00,150.28
221.00,673.56,189.00,97.35
221.00,673.56,191.00,136.64
217.00,673.56,193.00,164.98
220.00,732.67,188.00,92.33
218.00,704.89,190.00,157.60
211.00,790.22,189.00,105.89
213.00,1177.56,190.00,808.59
217.00,580.67,192.00,138.46
220.00,598.22,193.00,187.12
217.00,704.89,190.00,223.38
218.00,673.56,193.00,127.91
220.00,704.89,191.00,125.84
221.00,549.56,198.00,159.82
221.00,588.67,194.00,117.10
219.00,644.22,194.00,244.01
219.00,640.67,192.00,171.09
220.00,598.22,195.00,167.91
220.00,746.89,196.00,183.12
219.00,714.89,190.00,153.38
219.00,821.56,195.00,281.06
211.00,673.56,192.00,242.05
221.00,620.67,190.00,1320.91
220.00,588.67,190.00,153.21
221.00,564.67,195.00,173.35
215.00,704.67,196.00,130.28
220.00,788.67,192.00,182.07
219.00,704.89,192.00,126.00
220.00,738.89,192.00,331.47
221.00,729.56,192.00,273.95
219.00,518.00,192.00,310.73
216.00,673.56,193.00,115.65
216.00,626.89,186.00,116.72
212.00,709.56,182.00,305.75
218.00,724.67,199.00,635.91
217.00,673.56,197.00,163.39
220.00,714.89,189.00,238.76
211.00,609.56,187.00,135.52
207.00,672.00,193.00,45.53
218.00,754.89,187.00,180.79
221.00,788.67,191.00,148.55
215.00,702.89,186.00,139.50
214.00,690.67,189.00,79.78
216.00,690.67,187.00,151.97
220.00,704.89,192.00,168.67
210.00,760.67,181.00,78.31
212.00,596.22,187.00,157.84
217.00,704.89,186.00,40.24
220.00,782.89,191.00,187.14
214.00,620.67,187.00,263.87
215.00,704.67,183.00,973.01
213.00,768.67,190.00,125.11
216.00,754.89,189.00,89.46
217.00,640.67,187.00,121.53
210.00,916.22,192.00,395.05
214.00,620.67,187.00,166.23
220.00,729.56,199.00,220.05
217.00,637.56,189.00,167.87
203.00,900.22,188.00,209.91
217.00,690.67,190.00,118.33
220.00,620.67,194.00,97.98
216.00,673.56,188.00,228.33
213.00,729.56,186.00,110.32
219.00,746.89,186.00,253.70
206.00,754.89,187.00,230.76
213.00,910.22,190.00,224.47
220.00,750.89,191.00,73.14
219.00,754.89,189.00,175.08
218.00,732.67,185.00,85.50
211.00,690.67,186.00,146.45
222.00,788.67,191.00,152.64
212.00,626.89,175.00,60.08
205.00,1012.67,196.00,321.00
220.00,673.56,194.00,231.24
211.00,348.22,191.00,88.16
212.00,361.56,196.00,96.66
208.00,396.22,192.00,181.90
209.00,342.89,190.00,166.90
212.00,413.56,192.00,42.28
203.00,269.56,192.00,69.75
209.00,300.22,191.00,120.21
197.00,392.67,190.00,157.50
208.00,472.89,191.00,50.71
216.00,409.56,195.00,96.54
191.00,450.67,193.00,186.66
210.00,440.22,197.00,265.68
208.00,320.67,189.00,65.56
215.00,396.22,194.00,144.73
208.00,348.22,197.00,63.99
215.00,361.56,193.00,56.65
204.00,354.67,189.00,720.48
212.00,384.22,192.00,218.66
213.00,416.00,190.00,179.81
203.00,470.22,191.00,196.61
210.00,332.67,194.00,148.41
206.00,354.67,190.00,310.18
209.00,354.67,191.00,113.86
207.00,332.67,192.00,118.20
203.00,640.89,184.00,154.37
220.00,714.89,189.00,97.18
214.00,672.00,184.00,109.26
213.00,594.89,185.00,99.82
217.00,566.22,191.00,174.28
200.00,742.89,183.00,332.30
220.00,750.89,188.00,116.23
211.00,673.56,190.00,129.44
220.00,704.67,190.00,142.19
215.00,640.89,180.00,166.36
219.00,672.00,190.00,111.94
206.00,549.56,187.00,203.56
200.00,598.22,184.00,131.16
221.00,806.22,188.00,386.90
221.00,673.56,192.00,188.45
217.00,672.00,192.00,99.94
219.00,620.67,199.00,135.64
212.00,598.22,185.00,254.13
217.00,673.56,192.00,238.72
216.00,754.89,194.00,129.87
205.00,896.22,187.00,132.55
209.00,990.89,190.00,111.81
210.00,854.00,193.00,259.20
216.00,704.89,191.00,114.30
220.00,714.89,196.00,113.14
218.00,558.22,187.00,106.41
218.00,644.22,188.00,113.21
186.00,1064.22,190.00,158.46
218.00,704.89,192.00,169.76
220.00,593.56,195.00,126.39
215.00,524.22,188.00,168.74
211.00,637.56,188.00,104.03
217.00,637.56,194.00,111.20
223.00,690.67,194.00,141.00
218.00,704.67,187.00,209.87
218.00,729.56,196.00,90.36
217.00,644.22,191.00,104.04
226.00,729.56,191.00,165.59
194.00,609.56,191.00,145.47
221.00,782.89,196.00,128.39
223.00,714.89,192.00,163.36
221.00,746.89,190.00,182.61
216.00,782.89,195.00,110.77
223.00,690.67,189.00,76.54
223.00,640.67,196.00,155.36
217.00,644.22,184.00,141.34
219.00,788.67,199.00,175.87
219.00,729.56,190.00,155.79
212.00,561.56,189.00,283.44
221.00,704.89,192.00,153.72
202.00,674.89,187.00,93.58
220.00,782.89,194.00,343.65
208.00,821.56,190.00,134.18
220.00,729.56,196.00,408.57
225.00,640.67,193.00,138.48
223.00,620.67,193.00,194.39
212.00,714.89,187.00,76.15
212.00,540.67,194.00,143.05
221.00,620.67,199.00,89.48
218.00,702.89,208.00,279.05
228.00,564.67,200.00,281.63
232.00,788.67,205.00,491.33
221.00,558.22,209.00,275.57
224.00,806.22,203.00,484.65
226.00,588.67,211.00,517.46
228.00,746.89,196.00,328.63
215.00,616.67,206.00,317.32
229.00,644.67,203.00,553.50
231.00,672.00,201.00,384.46
224.00,564.67,205.00,357.19
228.00,673.56,202.00,264.58
218.00,709.56,203.00,332.09
200.00,561.56,202.00,293.03
229.00,540.67,204.00,189.75
226.00,640.67,206.00,330.21
227.00,788.67,200.00,434.92
225.00,714.89,200.00,566.81
210.00,801.56,205.00,248.52
227.00,637.56,203.00,454.03
230.00,758.00,207.00,460.66
218.00,646.22,203.00,396.26
226.00,720.22,201.00,507.85
222.00,814.22,197.00,314.50
228.00,704.89,197.00,335.04
222.00,732.67,198.00,359.60
225.00,598.22,203.00,185.21
215.00,580.67,195.00,176.94
227.00,673.56,200.00,243.33
224.00,673.56,201.00,233.48
227.00,620.67,198.00,131.60
231.00,782.89,203.00,399.84
213.00,512.00,196.00,200.36
231.00,720.22,201.00,307.18
231.00,720.22,205.00,387.79
225.00,673.56,200.00,226.53
225.00,673.56,199.00,58.47
218.00,813.56,204.00,386.57
223.00,564.67,195.00,211.13
220.00,714.89,204.00,268.33
203.00,869.56,199.00,212.54
224.00,704.89,198.00,111.32
218.00,896.22,199.00,98.09
222.00,518.00,201.00,153.76
218.00,1416.22,199.00,231.87
224.00,673.56,194.00,166.29
220.00,748.22,197.00,230.37
227.00,790.22,197.00,163.44
220.00,589.56,198.00,106.88
222.00,640.89,195.00,64.00
226.00,640.89,195.00,164.46
222.00,729.56,192.00,228.19
222.00,617.56,198.00,205.78
217.00,768.67,196.00,109.87
211.00,709.56,189.00,152.45
218.00,854.00,192.00,124.14
219.00,834.89,198.00,116.03
219.00,768.67,193.00,115.36
213.00,746.89,195.00,290.10
215.00,821.56,193.00,76.19
212.00,920.89,192.00,212.78
220.00,673.56,197.00,150.46
226.00,594.89,199.00,154.52
223.00,620.67,201.00,157.93
221.00,869.56,198.00,60.05
225.00,609.56,196.00,257.63
228.00,750.89,196.00,174.84
219.00,672.67,194.00,182.19
216.00,986.89,196.00,141.75
223.00,564.67,195.00,54.75
223.00,690.67,193.00,58.28
222.00,704.89,196.00,68.74
223.00,620.67,194.00,48.65
207.00,1270.89,192.00,31.21
223.00,617.56,192.00,54.57
226.00,746.89,199.00,57.29
225.00,620.67,196.00,51.18
227.00,690.67,196.00,40.96
222.00,673.56,197.00,66.61
223.00,598.22,199.00,44.91
224.00,672.67,196.00,37.03
218.00,690.67,195.00,324.15
223.00,594.89,197.00,67.17
221.00,714.89,192.00,1024.89
219.00,673.56,198.00,82.73
223.00,640.67,193.00,80.40
219.00,609.56,194.00,33.57
221.00,673.56,196.00,84.49
223.00,620.67,199.00,442.62
222.00,673.56,201.00,64.16
219.00,594.89,189.00,33.77
218.00,637.56,190.00,73.70
218.00,720.22,190.00,42.55
214.00,690.67,189.00,70.35
215.00,834.89,189.00,45.01
217.00,720.22,197.00,75.96
208.00,596.22,184.00,24.26
214.00,704.89,191.00,92.02
207.00,320.67,195.00,42.59
211.00,468.22,191.00,80.50
207.00,402.00,196.00,75.45
215.00,714.89,194.00,84.13
212.00,617.56,182.00,52.16
207.00,620.67,186.00,66.43
223.00,720.22,192.00,94.01
223.00,690.67,195.00,45.25
215.00,594.89,187.00,145.34
220.00,518.00,201.00,28.35
206.00,593.56,183.00,35.34
219.00,640.67,189.00,40.07
218.00,564.67,193.00,29.07
208.00,748.22,196.00,101.18
205.00,588.67,184.00,56.64
208.00,702.89,190.00,71.20
211.00,640.89,189.00,123.80
215.00,561.56,188.00,135.25
224.00,672.67,192.00,79.69
216.00,754.89,190.00,102.75
220.00,640.89,193.00,139.73
218.00,594.89,191.00,117.00
218.00,640.67,190.00,89.37
220.00,594.89,193.00,85.32
212.00,673.56,190.00,70.03
219.00,690.67,190.00,102.92
222.00,720.22,194.00,234.44
220.00,620.67,189.00,89.31
221.00,536.00,195.00,62.33
211.00,800.00,180.00,59.19
224.00,690.67,192.00,155.39
221.00,714.89,190.00,20.95
224.00,673.56,191.00,35.82
224.00,704.89,193.00,15.03
222.00,673.56,190.00,14.86
219.00,637.56,193.00,26.44
209.00,626.89,189.00,37.82
223.00,637.56,190.00,17.98
217.00,640.89,193.00,41.82
219.00,834.89,187.00,20.64
222.00,609.56,191.00,8.56
221.00,640.67,189.00,12.40
220.00,782.89,186.00,19.87
209.00,644.22,179.00,28.79
218.00,637.56,190.00,19.07
209.00,888.22,195.00,32.23
220.00,746.89,188.00,15.46
222.00,620.67,192.00,13.41
220.00,714.89,192.00,17.74
220.00,644.67,190.00,11.71
213.00,672.00,194.00,10.79
218.00,746.89,191.00,18.18
222.00,690.67,193.00,11.27
222.00,690.67,191.00,23.20
222.00,594.89,191.00,9.30
224.00,714.89,190.00,20.34
208.00,674.89,192.00,47.83
220.00,620.67,193.00,37.03
218.00,588.67,184.00,7.09
217.00,746.89,190.00,39.03
219.00,746.89,190.00,21.24
218.00,754.89,190.00,28.14
218.00,714.89,189.00,48.15
217.00,720.22,189.00,24.94
216.00,750.89,188.00,16.08
214.00,854.00,188.00,29.46
217.00,832.67,188.00,12.15
219.00,673.56,190.00,24.41
219.00,704.89,192.00,12.96
223.00,673.56,193.00,29.47
220.00,782.89,190.00,22.47
219.00,714.89,187.00,14.83
216.00,788.67,190.00,15.44
220.00,714.89,187.00,32.30
204.00,800.00,183.00,11.60
221.00,640.89,188.00,12.41
222.00,788.67,189.00,36.71
220.00,714.89,187.00,16.80
215.00,704.89,188.00,8.77
219.00,729.56,192.00,12.73
221.00,640.67,190.00,25.63
219.00,746.89,188.00,17.94
218.00,714.89,191.00,14.06
217.00,754.89,186.00,18.11
221.00,746.89,188.00,12.98
218.00,754.89,190.00,24.61
216.00,714.89,189.00,25.79
219.00,704.89,195.00,20.83
222.00,640.67,192.00,12.79
217.00,672.00,190.00,11.49
220.00,729.56,192.00,38.56
221.00,704.89,191.00,28.43
218.00,690.67,192.00,12.99
223.00,690.67,190.00,19.68
222.00,834.89,189.00,11.63
221.00,672.00,189.00,12.90
217.00,746.89,187.00,22.01
223.00,704.89,191.00,7.19
214.00,957.56,188.00,37.78
213.00,1042.89,192.00,24.00
219.00,782.89,189.00,24.79
215.00,750.89,188.00,21.03
214.00,704.89,191.00,4.54
218.00,714.89,190.00,80.56
217.00,729.56,183.00,38.28
220.00,806.22,188.00,13.41
218.00,750.89,192.00,91.45
215.00,704.89,190.00,6.02
210.00,900.22,190.00,19.87
220.00,754.89,192.00,10.68
218.00,672.00,193.00,14.72
221.00,720.22,197.00,44.43
218.00,672.67,192.00,35.60
209.00,910.22,190.00,80.85
218.00,738.89,192.00,36.30
217.00,750.89,192.00,64.95
221.00,594.89,192.00,9.42
221.00,644.67,198.00,17.16
220.00,782.89,190.00,25.84
217.00,617.56,192.00,25.77
207.00,939.56,190.00,13.08
222.00,750.89,191.00,90.49
220.00,782.89,189.00,20.04
222.00,714.89,189.00,20.85
213.00,1088.89,192.00,32.22
221.00,690.67,188.00,26.41
212.00,888.22,187.00,28.51
217.00,672.67,187.00,19.47
221.00,673.56,190.00,40.51
217.00,806.22,187.00,27.31
211.00,854.00,190.00,31.67
217.00,768.67,187.00,4.02
215.00,802.67,186.00,55.12
216.00,738.89,187.00,22.54
217.00,732.67,186.00,11.81
215.00,768.67,191.00,14.42
214.00,729.56,187.00,8.45
215.00,754.89,189.00,22.49
212.00,900.22,188.00,25.08
217.00,617.56,187.00,22.59
211.00,768.67,186.00,22.08
219.00,672.00,188.00,15.22
218.00,729.56,186.00,52.53
213.00,754.89,188.00,14.09
222.00,746.89,187.00,36.79
212.00,814.22,191.00,47.76
218.00,673.56,187.00,20.01
222.00,704.67,188.00,44.98
221.00,672.00,192.00,66.19
215.00,593.56,188.00,68.56
214.00,673.56,189.00,71.10
220.00,704.89,189.00,24.21
214.00,673.56,192.00,22.46
216.00,626.89,184.00,6.63
215.00,704.89,186.00,21.58
214.00,536.22,197.00,28.18
213.00,916.22,187.00,11.18
215.00,732.67,185.00,5.52
219.00,788.67,188.00,15.14
215.00,729.56,187.00,43.14
212.00,620.67,185.00,31.96
208.00,884.67,187.00,38.73
210.00,704.89,191.00,34.91
219.00,732.67,188.00,4.36
219.00,714.89,192.00,18.34
214.00,704.89,190.00,19.73
218.00,834.89,188.00,31.56
214.00,690.67,188.00,8.83
215.00,704.67,188.00,6.25
221.00,729.56,189.00,21.20
222.00,617.56,207.00,313.06
233.00,729.56,202.00,440.75
209.00,589.56,200.00,329.34
219.00,593.56,202.00,257.67
229.00,750.89,205.00,351.96
211.00,800.00,201.00,236.87
225.00,580.67,202.00,165.49
225.00,673.56,205.00,269.08
235.00,672.67,209.00,385.11
226.00,620.67,204.00,293.64
228.00,720.22,203.00,382.35
228.00,720.22,204.00,344.71
221.00,505.56,200.00,258.50
225.00,488.67,210.00,174.97
228.00,690.67,199.00,231.03
228.00,588.67,198.00,181.70
217.00,702.89,197.00,378.30
228.00,518.00,202.00,327.95
230.00,720.22,202.00,316.28
227.00,690.67,203.00,338.71
227.00,536.00,203.00,240.45
216.00,813.56,200.00,256.38
229.00,637.56,200.00,255.50
228.00,673.56,198.00,417.83
224.00,598.22,206.00,202.06
221.00,534.22,206.00,368.65
218.00,512.00,198.00,249.51
216.00,518.00,201.00,233.06
224.00,596.22,199.00,232.44
188.00,688.22,201.00,372.54
217.00,648.00,197.00,192.26
231.00,673.56,201.00,455.38
225.00,690.67,203.00,376.87
209.00,738.89,198.00,330.73
218.00,821.56,199.00,360.24
227.00,558.22,202.00,325.54
229.00,746.89,194.00,359.25
228.00,690.67,201.00,436.82
228.00,704.89,200.00,387.46
206.00,582.00,202.00,261.26
232.00,690.67,200.00,372.47
227.00,564.67,206.00,194.95
228.00,690.67,199.00,317.97
219.00,748.22,196.00,228.97
229.00,750.89,203.00,438.74
191.00,686.00,203.00,279.85
225.00,564.67,202.00,278.56
227.00,690.67,203.00,368.27
226.00,558.22,200.00,242.02
197.00,616.67,196.00,328.14
221.00,729.56,194.00,304.66
215.00,840.67,195.00,391.07
220.00,589.56,199.00,280.31
223.00,640.67,194.00,307.98
212.00,502.89,202.00,144.84
227.00,720.22,198.00,333.92
223.00,714.89,197.00,330.53
223.00,873.56,196.00,415.61
219.00,620.67,198.00,258.65
229.00,690.67,200.00,267.75
178.00,580.67,201.00,227.78
229.00,690.67,199.00,261.81
194.00,493.56,202.00,240.58
231.00,640.89,202.00,210.92
202.00,561.56,193.00,226.13
223.00,561.56,198.00,207.15
205.00,808.22,198.00,234.15
223.00,596.22,199.00,224.94
227.00,640.89,196.00,34.28
220.00,704.89,199.00,42.34
220.00,637.56,194.00,33.15
221.00,704.67,198.00,27.75
222.00,524.22,195.00,29.20
224.00,746.89,193.00,32.20
223.00,673.56,193.00,51.80
212.00,558.22,190.00,33.95
221.00,704.89,193.00,26.80
221.00,609.56,197.00,43.03
217.00,768.67,193.00,582.62
224.00,710.89,195.00,74.91
227.00,640.67,194.00,36.92
219.00,593.56,198.00,32.45
222.00,802.67,194.00,35.87
216.00,840.67,195.00,35.59
214.00,829.56,196.00,60.85
224.00,640.89,195.00,79.37
228.00,672.00,198.00,31.42
222.00,672.00,195.00,31.50
223.00,729.56,196.00,38.12
222.00,732.67,194.00,31.05
212.00,1014.00,191.00,36.37
219.00,640.67,193.00,21.44
219.00,617.56,194.00,16.67
224.00,704.67,194.00,28.16
217.00,644.22,192.00,31.03
221.00,644.22,192.00,7.38
219.00,589.56,191.00,15.99
221.00,674.89,195.00,23.94
218.00,710.89,193.00,40.38
220.00,821.56,190.00,33.25
224.00,704.67,194.00,52.50
223.00,644.22,192.00,22.74
223.00,620.67,197.00,17.77
216.00,900.22,189.00,15.08
215.00,900.22,191.00,18.08
218.00,746.89,189.00,15.65
220.00,640.67,191.00,7.46
217.00,673.56,194.00,27.02
218.00,754.89,197.00,15.14
220.00,672.00,195.00,14.19
214.00,892.67,189.00,11.61
214.00,920.89,190.00,18.13
224.00,714.89,191.00,22.04
218.00,750.89,189.00,34.92
217.00,617.56,193.00,17.07
221.00,704.89,191.00,27.04
219.00,673.56,189.00,18.79
211.00,900.22,189.00,22.04
211.00,990.89,188.00,29.26
219.00,782.89,193.00,43.45
218.00,720.22,189.00,18.05
207.00,920.89,190.00,79.91
218.00,834.89,189.00,27.72
218.00,732.67,190.00,18.14
222.00,609.56,195.00,29.00
223.00,673.56,195.00,39.78
224.00,673.56,194.00,47.35
222.00,746.89,194.00,37.83
212.00,824.00,199.00,31.99
227.00,640.67,196.00,30.07
227.00,640.67,193.00,26.89
218.00,637.56,196.00,41.51
219.00,609.56,195.00,34.38
221.00,690.67,195.00,21.30
218.00,620.67,196.00,22.86
221.00,672.67,195.00,35.88
227.00,540.67,203.00,17.36
221.00,550.89,197.00,23.78
221.00,744.00,194.00,29.20
226.00,690.67,197.00,16.00
220.00,788.67,192.00,22.31
225.00,672.67,199.00,30.76
225.00,720.22,194.00,44.90
222.00,596.22,198.00,23.18
224.00,550.89,202.00,27.12
228.00,609.56,200.00,36.75
219.00,564.67,199.00,30.10
226.00,720.22,198.00,65.85
225.00,714.89,197.00,45.18
224.00,571.56,201.00,26.66
229.00,673.56,201.00,37.88
227.00,690.67,197.00,19.79
222.00,644.67,196.00,45.04
223.00,644.67,199.00,45.61
227.00,164.67,214.00,23.08
227.00,714.89,196.00,26.93
223.00,609.56,195.00,20.51
223.00,720.22,193.00,29.11
222.00,644.67,193.00,29.45
224.00,690.67,194.00,31.76
226.00,598.22,198.00,27.12
225.00,620.67,200.00,18.75
227.00,594.89,199.00,14.07
222.00,720.22,193.00,15.08
221.00,672.67,193.00,22.97
222.00,672.67,195.00,25.05
220.00,720.22,192.00,22.73
219.00,644.67,191.00,19.89
224.00,690.67,193.00,17.91
224.00,609.56,198.00,15.29
224.00,690.67,192.00,20.02
221.00,566.22,196.00,30.02
220.00,596.22,194.00,25.08
226.00,598.22,197.00,18.95
221.00,637.56,193.00,20.25
220.00,644.67,194.00,27.95
220.00,644.67,198.00,26.05
222.00,561.56,199.00,28.46
219.00,632.67,194.00,14.13
225.00,788.67,191.00,18.40
224.00,720.22,191.00,19.25
188.00,2464.67,199.00,144.73
223.00,673.56,193.00,32.59
224.00,672.67,193.00,23.01
223.00,637.56,194.00,26.93
214.00,939.56,197.00,56.28
222.00,690.67,197.00,28.05
223.00,782.89,195.00,38.32
221.00,644.67,195.00,21.87
213.00,640.67,199.00,53.86
223.00,690.67,197.00,33.01
225.00,750.89,194.00,43.48
226.00,758.00,196.00,30.76
220.00,637.56,197.00,9.92
225.00,598.22,201.00,29.13
219.00,594.89,198.00,27.08
221.00,672.67,192.00,28.08
221.00,704.67,201.00,52.65
225.00,690.67,195.00,39.80
218.00,640.67,194.00,14.83
223.00,609.56,193.00,30.43
225.00,673.56,198.00,15.58
223.00,640.89,195.00,22.80
221.00,637.56,194.00,36.49
222.00,617.56,196.00,21.44
224.00,640.67,194.00,22.27
222.00,704.89,194.00,19.83
224.00,594.89,194.00,18.44
219.00,690.67,194.00,33.24
222.00,594.89,194.00,25.33
208.00,644.22,194.00,18.87
224.00,588.67,194.00,11.77
219.00,588.67,194.00,24.36
222.00,561.56,192.00,11.24
215.00,492.67,188.00,23.64
218.00,617.56,190.00,14.69
216.00,536.22,192.00,18.19
220.00,673.56,189.00,26.20
208.00,626.89,185.00,221.26
220.00,673.56,188.00,28.88
220.00,536.00,193.00,20.52
218.00,580.67,194.00,17.34
214.00,566.22,191.00,20.59
213.00,620.67,194.00,28.46
213.00,549.56,188.00,49.61
215.00,617.56,193.00,12.06
212.00,620.67,189.00,32.71
218.00,720.22,190.00,22.25
215.00,620.67,190.00,23.84
214.00,594.89,189.00,16.06
209.00,516.67,189.00,16.78
215.00,673.56,192.00,21.83
214.00,714.89,186.00,19.80
221.00,640.67,189.00,19.90
219.00,566.22,195.00,17.94
215.00,824.00,185.00,24.62
209.00,690.67,186.00,23.02
215.00,598.22,186.00,15.25
217.00,640.67,186.00,18.39
207.00,644.67,184.00,12.22
218.00,750.89,188.00,27.84
220.00,750.89,191.00,16.97
218.00,746.89,192.00,18.24
217.00,640.67,192.00,9.32
217.00,620.67,190.00,11.68
220.00,673.56,191.00,11.60
217.00,690.67,188.00,12.14
214.00,714.89,185.00,11.44
219.00,714.89,188.00,15.26
218.00,637.56,192.00,8.33
216.00,637.56,188.00,6.93
221.00,690.67,192.00,6.81
211.00,704.89,184.00,21.63
221.00,594.89,191.00,8.41
221.00,720.22,189.00,10.66
215.00,814.22,188.00,9.46
215.00,672.67,184.00,20.73
214.00,714.89,187.00,14.67
218.00,672.00,188.00,18.78
218.00,750.89,190.00,12.84
218.00,750.89,194.00,15.35
216.00,690.67,187.00,6.45
216.00,714.89,184.00,10.47
216.00,672.67,184.00,11.00
217.00,788.67,189.00,11.87
223.00,640.67,192.00,9.34
207.00,596.22,184.00,12.45
217.00,443.56,194.00,10.49
215.00,472.89,190.00,11.93
215.00,402.00,190.00,13.53
215.00,430.89,193.00,13.73
211.00,524.22,190.00,10.02
211.00,472.89,194.00,15.30
214.00,402.00,193.00,16.48
201.00,312.67,186.00,7.03
210.00,468.22,191.00,12.37
210.00,540.67,183.00,28.25
219.00,673.56,192.00,22.48
214.00,768.67,180.00,23.25
205.00,594.89,182.00,29.61
215.00,518.00,186.00,11.27
213.00,814.22,189.00,34.82
211.00,710.89,188.00,29.70
216.00,672.00,187.00,20.49
203.00,589.56,182.00,11.16
210.00,710.89,174.00,13.18
220.00,750.89,190.00,34.91
208.00,768.67,192.00,71.95
219.00,620.67,194.00,26.27
218.00,594.89,192.00,24.09
219.00,637.56,192.00,36.67
221.00,714.89,190.00,42.65
220.00,598.22,195.00,47.10
221.00,566.22,194.00,13.44
216.00,598.22,190.00,34.27
222.00,564.67,195.00,14.64
208.00,549.56,187.00,44.45
221.00,714.89,191.00,26.11
217.00,672.00,188.00,23.08
203.00,536.22,185.00,22.41
218.00,704.89,188.00,28.24
217.00,620.67,189.00,25.49
216.00,729.56,191.00,31.06
221.00,673.56,192.00,23.76
215.00,588.67,191.00,12.05
209.00,549.56,187.00,29.76
208.00,594.89,182.00,37.60
216.00,673.56,182.00,20.16
215.00,536.22,189.00,16.45
217.00,690.67,187.00,63.95
215.00,673.56,189.00,23.33
214.00,536.00,190.00,20.12
203.00,626.89,187.00,8.05
206.00,620.67,185.00,33.88
202.00,482.00,178.00,16.67
204.00,544.67,176.00,14.57
215.00,536.22,185.00,23.97
213.00,593.56,192.00,22.01
217.00,564.67,192.00,15.26
219.00,690.67,188.00,33.58
216.00,594.89,191.00,25.48
215.00,704.67,190.00,38.67
212.00,620.67,185.00,47.27
220.00,788.67,188.00,29.70
202.00,544.67,182.00,12.44
220.00,640.67,192.00,23.00
216.00,690.67,186.00,27.16
216.00,704.89,188.00,30.16
219.00,637.56,187.00,20.66
214.00,729.56,178.00,13.91
219.00,704.89,187.00,25.46
216.00,672.00,192.00,19.87
219.00,588.67,195.00,15.30
205.00,648.00,173.00,11.66
221.00,564.67,192.00,27.91
225.00,637.56,194.00,14.12
221.00,564.67,197.00,11.03
212.00,710.89,179.00,8.84
220.00,564.67,193.00,14.20
201.00,416.00,184.00,22.37
215.00,564.67,185.00,16.91
220.00,673.56,193.00,29.10
216.00,672.67,189.00,18.26
217.00,540.67,190.00,18.86
221.00,637.56,193.00,14.77
218.00,620.67,191.00,17.73
220.00,566.22,193.00,9.33
219.00,566.22,194.00,12.62
219.00,594.89,190.00,17.66
211.00,672.00,188.00,19.67
208.00,596.22,188.00,16.47
222.00,672.67,194.00,13.61
216.00,609.56,188.00,20.58
219.00,561.56,193.00,21.09
221.00,617.56,190.00,14.67
222.00,690.67,191.00,22.78
217.00,540.67,190.00,14.24
219.00,598.22,193.00,16.79
216.00,609.56,188.00,21.19
226.00,637.56,195.00,15.47
216.00,598.22,192.00,15.44
